Total,Percent
193038,0.5874219080454873
133821,0.407222345634306
131430,0.39994644253679795
131424,0.3999281843107063
131422,0.39992209823534247
131422,0.39992209823534247
131422,0.39992209823534247
131422,0.39992209823534247
131422,0.39992209823534247
131421,0.3999190551976605
41944,0.12763717253110746
10919,0.033226928449054983
6,1.8258226091613693e-05
